name_p,city_p,cp_p
"Larson, Davis and Jackson",Brianville,3420
Lucas Ltd,Lopezmouth,2370
Cooper-Reyes,North Edwin,910
Turner Inc,West Bethville,4410
"Morris, Lee and Clayton",South Katherine,4390
Brown-Davis,East Paulside,2100
Garner-Tran,New Judy,2980
"Villarreal, Thompson and Bradley",Marshallmouth,2350
"Wall, Morrison and Underwood",Nobleberg,2630
Wells-Hernandez,Crawfordhaven,4490
"Wise, Mills and Ball",Johnburgh,4990
Potts PLC,Wardland,3410
"Lewis, Mcdaniel and Gonzalez",Garciachester,90
Vazquez PLC,Amberview,3400
Miller PLC,Brandonton,1140
Lee-Short,Nelsonhaven,3800
Torres-Robinson,Barbaraland,3480
"Ray, Burnett and Leblanc",North Debra,1200
Delgado Group,South Brentland,4580
Rivera Inc,Lake Timothyfort,3570
Martinez-Gillespie,Kingbury,2930
"Morris, Grant and Powell",South Jacob,1480
Smith-Beck,East Meghan,4090
Hernandez-Baldwin,South Stacyborough,2390
"House, Willis and Lloyd",West Lisa,4370
"Martinez, Ward and Johnson",Lake John,4520
Herrera Group,North Jeremy,3820
Rice Group,South James,1180
Sims-Russo,West David,1790
Ward-Campbell,Hernandezstad,1210
Hanna and Sons,Davidport,3460
Chung-Lee,South Susanport,3900
"Carrillo, Moore and Glass",South Breanna,3950
"Graham, Reilly and Rodgers",North James,3230
Smith LLC,Muellerburgh,2580
Ruiz-Nunez,Walkerfurt,230
"Ramirez, Morrison and Young",Jimmyshire,890
"Booker, Delacruz and Wright",New Joshua,1230
Schultz-Winters,East Ronaldmouth,4360
Peterson-Cline,East Patricia,4810
Hodge and Sons,West Nancyfurt,560
Flores-Bates,West Bryceland,3460
"Gibson, Hodges and Davis",Lake Austin,4020
Snyder-Smith,New Keithberg,2700
Reed Group,West Edward,370
Curtis-Erickson,New Christina,4210
Lopez Ltd,North Robert,3280
Snyder-Garcia,Simston,430
Davis-Brown,Morganhaven,2470
"Villarreal, Williams and Smith",West Joshua,4680
Gonzalez-Sanchez,West Charleston,4040
Gonzalez LLC,North Michael,2780
Harper and Sons,Seanhaven,3330
"Petersen, Johnson and Long",Wallacechester,4550
Young-Gray,Robertsonstad,4260
Miller and Sons,Sandyton,4280
Burnett and Sons,South Gregorytown,1830
"Smith, Porter and Rodriguez",South Brandonmouth,3370
Fleming Ltd,Julieburgh,4520
Foster-Hays,Port Lukeview,2310
Williamson-Miranda,North Gina,1370
"Ponce, Obrien and Brown",East Jenniferport,1660
Marks-Fletcher,Larsonstad,640
Lewis-Prince,North Chelsea,1070
Miller-Rodriguez,Lake Andrea,2090
Brown-Turner,Port Davidview,3940
Carey-Black,East Andrewside,4300
"Kim, Stevens and Jones",Ryanmouth,4620
Austin-Watts,Scottfort,3390
Suarez-Riggs,North Vanessaview,2390
Jones LLC,New Jennifer,4350
Davis-Harrington,North Elizabeth,4840
Williams-Pham,New Michaelborough,4840
"Patel, Carey and Robinson",Hendrixland,840
White-Tran,Jamesmouth,3030
Jimenez Ltd,Heatherfurt,510
"Jacobson, Barrett and Mclaughlin",East Devon,1110
Hampton-Donaldson,Luisbury,70
Ramirez-Martinez,Munozport,1850
"Ruiz, Howard and Ayers",New Jorgeview,3060
Brown-Davidson,East Bob,3550
Mcbride and Sons,South Joseph,4600
"Vega, Ryan and Brown",North Michael,4080
Foley PLC,Annettestad,520
Serrano Ltd,Galvanport,1180
Pierce Ltd,New Wesleychester,1690
Tucker-Walker,East Richard,1350
Peck-Ross,Aguilarmouth,450
Franco and Sons,South Joseton,3320
Rhodes LLC,Port Nicholasberg,4840
Conway LLC,Smithfurt,4660
Taylor LLC,Leetown,160
"Ross, Perez and Aguilar",North Brianside,1360
English LLC,Port Craigstad,2760
Jones Group,Wernermouth,3880
Davis-Reyes,Powellbury,550
"Robinson, Clark and Gomez",South Devinhaven,3170
"Hughes, Wiggins and Wright",New Jose,3520
Roman-Jenkins,Reyesside,1920
"Huffman, Stuart and Christensen",Andersonshire,2180
Miller-Williams,Bensonmouth,720
Lucas-Maddox,East Codyport,100
Lopez LLC,Lake Marieville,4750
"Ross, Stanley and Cook",Lake Kurtborough,2730
Reynolds LLC,Josephview,2340
Lawson-Strong,Lake Teresabury,2980
Harvey-Owen,Taylorfurt,4920
"Smith, White and Guzman",Walkerstad,1400
"Vaughn, Bartlett and Wilson",West Edwardchester,2450
Evans-Farmer,Johnsonland,3480
"Ferguson, Jackson and Chandler",Timothymouth,4350
Crawford-Peterson,Lake Robert,1390
Owen Group,Atkinston,1260
Evans-Garcia,West Debraton,1190
King-Mitchell,Carrieshire,50
"Valencia, Key and Smith",West Jeffborough,1910
"Gutierrez, Flores and Norman",Emilyville,2190
Ellis-Waller,South Mitchellhaven,4260
Miller LLC,Katiebury,790
Davis-Smith,West Benjaminside,1360
"Baker, Kaufman and Allen",South Deborah,2420
Rangel-Moss,New Jennifer,890
"Rojas, Thomas and Williams",Scottbury,4660
"Scott, Thompson and Walter",South Jeffrey,2400
"Cobb, Schmidt and White",East Jennamouth,1360
Collins-Cowan,New Thomas,3510
Hammond LLC,New William,4340
Wright Inc,North Codyfurt,3290
Adams PLC,Port Davidburgh,4440
"Martin, Phillips and White",Mariaberg,750
"Prince, Maddox and Waters",Port Michaelburgh,3540
Ford-Freeman,Wilsonside,3880
Schwartz PLC,Mendozaside,80
Kennedy Group,South Laura,1650
West PLC,North Michelle,2240
Hull LLC,New Meganborough,1870
"Brown, Hernandez and Phillips",South Anthony,680
Ferguson Ltd,Bushchester,730
Barber-Tanner,East Judith,4300
Jones Ltd,East Justin,3190
Johnson Ltd,West Williamville,960
Rice LLC,Jenniferburgh,2790
Horn Inc,Mitchellhaven,440
Adkins and Sons,Reedland,2480
"Holmes, Bailey and Hunter",New Kimberly,2610
Willis-Hernandez,Lake Jamesview,2360
"Schroeder, Gutierrez and Anderson",Lake Matthewshire,4090
"Klein, Rodriguez and Landry",Graveston,580
Lewis LLC,Choiburgh,2160
Daniels PLC,Tomport,3060
"Thompson, Perez and Flores",Deniseland,530
Ramirez Group,Timothyfurt,3540
Romero Group,South Janicetown,4870
Patterson-Mason,North Randy,870
"Gray, Meyer and Quinn",South Jesus,1730
Hoover-Johnson,Jasonburgh,2430
"Fisher, Miller and Waters",New Kristen,4220
"Davis, Haas and Watson",Rogersmouth,1490
Higgins LLC,Lewismouth,2860
"Gonzalez, Little and White",Leeville,4220
Thompson-Palmer,North Andrewmouth,2310
Fletcher Inc,Mitchellshire,380
Robinson-Whitaker,North Kimberlytown,4830
"Johnson, Weber and Nelson",Williamfort,4500
Navarro LLC,Hutchinsonhaven,1010
"Wilson, Sanders and Pennington",Catherinehaven,2200
Moore PLC,North Christopherstad,2350
Galloway-Wong,Mcknightmouth,2460
Mccall LLC,South Danielleland,4430
Johnston Ltd,East Stacieland,1900
Potter LLC,Port Michaelmouth,2750
Carlson Inc,Port Elizabeth,1260
Green-Mendoza,Nguyenview,820
Ryan-Osborne,Riceview,910
Miles PLC,West Joshua,590
Collins LLC,Robinsontown,4570
Smith LLC,Barbarahaven,4830
Medina Ltd,Paulmouth,4170
Rivas Ltd,Lake Joshua,1530
Lopez-Simon,New Janetmouth,2460
Jacobs and Sons,Port Benjaminfurt,2370
Stewart-Mendoza,West Ricardoburgh,2650
"Barron, Singleton and Mcdonald",Bowenberg,3440
Browning-Cardenas,New Kurt,1390
Davis LLC,East Davidmouth,3160
"Davidson, Chambers and Baker",Lake Kathrynmouth,1970
Jackson Ltd,Xavierside,990
Murphy Inc,Jessicamouth,880
Wong-Rose,Jonestown,120
Rodriguez-Armstrong,New Jessicafurt,1990
Snyder-Wilson,Port Annbury,3560
Williams-Mckinney,Rodgersborough,2940
"Wilkins, Watts and Collins",Andrewsside,1850
"Garcia, Houston and Reyes",Aaronshire,1450
Harrell-Day,West Dawnport,2820
"Shields, Garza and Hudson",Boyerville,4340
"Williams, Hernandez and Simmons",Goldenfurt,3020
"Miller, Freeman and Benton",South Jennifer,2530
Sanchez LLC,West David,2030
Mitchell PLC,Port Juliabury,2920
Harding Ltd,Melissaville,1800
Thomas PLC,New Michelletown,510
Kirby Ltd,West Eric,3560
Herrera-Murillo,East Brian,2270
"Casey, Collins and Martinez",Lake Nathan,4420
Chavez-Parker,Nicolehaven,2320
Roth-Cook,Michellemouth,1260
Harris LLC,Hinesberg,2890
"Thomas, Anderson and Lee",Hughesmouth,3150
"Larson, Nichols and Woods",Orrburgh,2700
Jones Group,Pricefurt,650
"Wilson, Johnson and Mendoza",East Anthony,820
"Hughes, Edwards and Garcia",Mcdanielton,4280
Chavez-Carter,Sanchezport,730
Copeland Group,Mistyville,2620
Flores-Patrick,New Michelleshire,2340
Washington-Fischer,West Ianton,3870
"Green, Everett and Kelly",South Donnamouth,3240
Williams Group,East Carloschester,1310
"Miles, Lopez and Allen",Ramirezhaven,4180
Fisher-Grant,Port Kevin,310
"Kramer, Wells and Wagner",North Wendy,1020
Chavez and Sons,Lawsonmouth,910
Rodriguez LLC,South Katherine,550
Davis LLC,Allisonberg,4250
Perry-Dunn,Phillipview,4050
King-Willis,Millerberg,1250
"Castillo, Barnes and Clay",South Ryan,820
Hoffman-Ingram,Andrealand,3820
Romero Inc,Vaughnfort,3190
Morrison-Washington,Port Bruce,4940
"Orr, Watson and Richard",Jenniferland,3110
White Group,East Nancy,3410
Kirk Inc,Hansenville,2350
"Werner, Baker and Oneill",New Andrew,4850
"Hill, Gillespie and Small",Sherrimouth,3220
Hester-Brown,Port Brittany,2530
Becker Inc,Spencerville,2560
Campbell-Williams,Rossside,2400
Owens-Watts,Avilafort,820
Perkins-Rojas,North Pamelachester,3450
"Bradley, Williams and Mcmahon",Port Brandon,410
"Young, Wright and Chavez",Daisyton,3330
"Phillips, Griffin and Robinson",Dixonmouth,2530
"Lucero, Williams and Lewis",South Anne,910
Hoffman-Mejia,Mitchellville,2100
Adams-Watkins,Maryton,3670
"Hanson, Mendez and Rasmussen",Coxport,670
"Leonard, Luna and Pennington",Lake Sharon,2570
Campbell-Peterson,West Kimberly,3790
Bryant Group,Lake Danielle,4430
"Rodgers, Gibson and Riley",Lake Stephen,4080
Reid LLC,Jenniferland,4770
"Turner, Garcia and Ramirez",North Amymouth,2450
Vincent PLC,East Mario,4430
Murray LLC,Josephtown,1950
"Scott, Medina and Garcia",Chenfurt,550
"Mccall, Stevens and Olsen",Donaldsonfurt,110
Hernandez Inc,New Christopherton,1550
"Banks, Sherman and Anderson",New Christopherport,160
Byrd-Gray,Robertton,3770
"Bailey, Wilson and Washington",Joelport,3140
"Rivera, Fuller and Johnson",Johnchester,220
Nicholson Ltd,East Nathan,1730
Hernandez-Smith,Paigemouth,150
"Lopez, Mckay and Knight",New Joshua,1720
Allen Inc,North Cindy,340
Medina-Davis,East Christopher,820
Colon-Ferguson,Richardfurt,4940
Vazquez PLC,South Ellenshire,470
Collier Group,New Juan,300
"Avery, Clayton and Smith",East Tiffany,2790
"Rush, Turner and Walker",Port Sheila,2560
"Brown, Garcia and White",Lake Brandy,1440
Smith LLC,Lewisside,3070
"Jones, Whitehead and Bennett",Port Mark,4700
Thomas Inc,South Michaelberg,4550
Francis Ltd,Davidfort,2730
Morris-Valentine,South Williammouth,4460
Williams-Jones,New Danielle,3170
Bradley-Miranda,Deannaville,210
Cameron-Sanchez,Rebeccaville,2520
"White, Cochran and Aguilar",Edwardstad,280
Morris-Butler,Port Cheyennetown,1780
"Spencer, Goodwin and Hoffman",Port Stevenborough,2150
Potter-Martinez,New Erinberg,190
Doyle-Anderson,North Joannashire,1460
"Young, Patterson and Calhoun",New Michael,510
Richards Group,Danielstad,3370
Armstrong LLC,Annetteland,3470
Lara-Nguyen,Lake Johnstad,4870
Barton PLC,West Alicialand,160
Guzman PLC,New Debramouth,1690
Ryan-James,Obrienchester,3170
"Barnes, Sanchez and Williams",North Valerie,1180
"Spencer, Diaz and Williams",Port Jason,2910
"Mills, Coleman and Pham",Youngbury,1960
Richardson-Dunn,Smithshire,4460
"Stanley, Miller and Oliver",East Elizabethport,2070
Robles PLC,New Vanessa,900
Keller-Hamilton,West Josephberg,2050
Wagner and Sons,Port Stanley,2410
"Walker, Dean and Carrillo",Port Kurt,4650
"Frederick, Cox and Vincent",Bradside,4790
"Gentry, Morales and Foster",New Andrewtown,130
Zamora-Hill,Troytown,100
Skinner PLC,Williamfort,90
Baldwin LLC,South Melissa,3690
Freeman Group,Hillfurt,2200
"Miller, Wood and Sampson",North Troyland,2820
Cooper-Peterson,South Mitchellfurt,2700
Thompson PLC,Nixonfurt,4290
Hanson LLC,South Davidburgh,3240
James LLC,Danielleside,3310
"Bradley, Brown and Lopez",Mortonberg,580
Smith-Bruce,Cruztown,1370
Holder Group,North Joshua,2420
Combs Ltd,Nancystad,110
Townsend LLC,South Debbie,4910
Lawrence-Carpenter,Lake Jessicamouth,3770
Spencer-Archer,Russellview,4330
Rodriguez Inc,North Jenniferport,3750
"Miller, Mueller and Poole",Mooremouth,3870
Bates-Ramirez,Port Heather,3720
"Leach, Ramirez and Hughes",East Donna,2410
"Sims, Brown and Harrison",Murrayhaven,4300
"Ramirez, Patton and Moreno",Potterfort,1270
Good Group,Jonesville,4910
Williams-Johnson,South Morgan,290
Wyatt Inc,West Kim,4380
Graham-Brown,Castrohaven,1440
"Wang, Brewer and Cardenas",Woodland,4040
"Burgess, Foster and Walters",Cynthiahaven,3510
Jones Inc,Victortown,2900
"Huerta, Miller and Terrell",East Theresa,1180
Manning Ltd,Lake Amanda,600
Baxter-Lopez,Shannonhaven,3460
"Ryan, Juarez and Landry",Rhondaport,590
Morales Group,Harmonfort,2750
"Bradley, Wilson and Guzman",Lake Michaela,3730
Sparks PLC,Campbellstad,530
Brennan Group,Meyerland,2850
Torres-Kidd,New Valerie,1230
Olson PLC,Robinsonmouth,2320
"Gonzales, Morgan and Day",South Ryanport,4110
Cruz-Clark,Taylormouth,3990
Rice-Phillips,Davisburgh,4150
"Bates, Robbins and Castaneda",Stephaniestad,1990
White Ltd,South Christine,4990
"Mayo, Castro and Carey",Davidside,960
"Harris, Stephens and Stevens",Port Robertview,640
Wilson Inc,West Jacob,1630
"Phillips, Foster and Mcgee",Lake Marymouth,3410
Woods-Davis,West Sandra,690
Burns-Walker,Strongchester,1710
Richardson-Beard,West Amy,2050
Garcia-Kidd,Dawnton,3080
"Johnson, Galloway and Wilson",Butlerton,990
Rodriguez-Brown,Merrittmouth,1340
Blevins and Sons,Camachoside,600
"Powell, Hunter and Scott",Christineport,1310
West-Alvarado,New Grant,230
Anderson Inc,North Larrystad,3180
Cummings-Foster,Lake Jennifer,4080
Wilson and Sons,South Pamela,3020
Hampton Group,Mirandaton,2110
Thompson-Bryant,Scotttown,3800
Sanchez-Christensen,New Deanna,2430
"Wells, White and Sanchez",North Lauren,2650
"Robinson, Rose and Myers",Lake Melissa,510
Mitchell PLC,Lake Bonnieville,3760
Nelson Group,Jasminetown,1560
Burns-Banks,Christinahaven,620
"Williams, Foster and Jackson",North Ryan,2170
Ramirez-Reid,Lake Stephenfort,540
Jackson and Sons,Gloverville,920
"Anderson, Martin and Hess",Lake Janicefort,1610
Snyder-Lopez,Port Andrewmouth,4420
Ward-Proctor,Thomaschester,3140
Robinson LLC,Port Pamelashire,2000
Mack Ltd,Lake Javiertown,2970
Austin Inc,Joseside,1790
Davis and Sons,Port Lisaton,4610
Fischer-Smith,New Terriburgh,1010
Jones Inc,Davidside,4170
"Marquez, Dickerson and Williams",Andersonton,4080
Hart LLC,North Tiffany,2040
"Austin, Gomez and Hines",West Sierrachester,1320
Rodriguez-Weaver,Victoriatown,590
Thomas-Cochran,Ashleystad,740
"Rose, Carter and Anderson",Kellyburgh,1120
"Jackson, Rose and Stevens",Port Gregoryshire,3970
Gallegos-Pena,Kevinside,730
Reilly and Sons,Lake Angelaville,1320
Lane-Wilson,Andersonbury,540
Smith Group,Dunnmouth,1340
Huerta-Crane,Lake Jody,1700
Bautista Group,South Carrieville,3690
"Kline, Wheeler and Dawson",Danielleport,3770
"Peterson, Ward and Collins",West Garrettmouth,4620
Maynard Inc,North Justin,1090
Shaw PLC,Turnerton,1180
Jones-Martin,East Teresa,3700
Flowers Group,South Jamesshire,3080
"Vaughn, Williamson and Horne",South Melissa,1120
Johnson PLC,West Caitlin,1540
Robles Ltd,Jonathanshire,4820
"Page, Brown and Becker",East Sherryberg,4490
Bradford and Sons,West Gregory,4150
Robertson-Ward,Williamsstad,1320
Hill-Burnett,Jimmyburgh,2950
Turner Ltd,Lake Erinborough,4080
Robertson-Rodriguez,New Davidberg,3730
Evans-Nelson,East Rebeccahaven,2490
Williams-Benson,Tanyamouth,1050
Douglas-Parker,South Lorichester,3720
Kelly-Hall,Codyville,1610
Lee Ltd,Port John,2000
"Porter, Thompson and Ferguson",Lake Jasminestad,5000
Marsh-Conway,Port Georgeland,4150
"Harrison, Young and Rivera",South Monica,3300
"King, Patel and Roberts",Mirandastad,3460
"Martin, Watts and Small",Williamshaven,3600
Chavez-Ross,Braytown,1260
Bright and Sons,Keithmouth,3730
Lee Ltd,Lake Brittany,1510
Bell PLC,West Bradley,3020
Fritz-Wright,South Thomasberg,3260
"Ruiz, Ruiz and Smith",North Brettfurt,360
Woods Ltd,Lake Jessicaton,100
Adams Inc,East Brianhaven,2300
"Hall, Rose and Russell",East Michael,1910
"Kirk, Kent and Ortiz",Silvabury,2320
"Thompson, Dunlap and Sosa",Jamesstad,3530
Mcpherson-Bryant,Jenniferview,3860
Dixon-Brown,Pinedaburgh,790
Heath LLC,West Matthew,1110
Moore LLC,South Walterton,4580
Jones-Hernandez,Codyhaven,4070
Smith-Barrett,Port Sarahhaven,4570
Crane-Brown,Reedbury,2360
Noble-Campbell,New Bryan,1170
Mcfarland-Pearson,New Angelaburgh,2410
"Trevino, Le and Walker",South Davidbury,1420
George-Johns,Port Carrieshire,4200
Wallace LLC,Port Staceychester,2280
"Matthews, Parks and Palmer",West Jordanburgh,3210
"Gomez, Brown and Bradley",Brownborough,170
Blair and Sons,Larryton,3630
Santos-Castillo,Rodriguezton,3200
Martinez-Bailey,Munozborough,3360
Drake-Hill,Kristenview,4740
"Hebert, Stevenson and Harris",Paulachester,3330
Ramirez LLC,New William,2910
Crawford Group,Lisachester,160
Ellis-Davis,Lake Kellyfurt,3190
"Blair, Boyer and Garcia",Port Andrea,340
Wright-Frye,Stokesside,2350
Berg-Matthews,Joseview,3630
"Campbell, Stewart and Stuart",Paulville,660
"Kane, Andrade and Kidd",West Courtneyhaven,3180
"Atkins, Parks and Holmes",Fisherside,1000
Chandler-Chang,East Jennymouth,2950
"Cross, Ochoa and Mcdaniel",East Natalietown,3490
"Caldwell, Turner and Cook",North Kevinhaven,2600
Davis-Harper,North Jesus,1890
Cordova-White,Lake Samuel,2630
"Mueller, Perez and Torres",Jacobview,2330
"Ross, Ramirez and Flores",Jamesville,2380
Hansen-Salazar,West Michael,3130
Foster LLC,Barberport,4920
Mcguire-Hurst,Port Benjamin,1570
Robbins-Gibson,Smithborough,3230
Moore-Freeman,Lake Amanda,2320
Cunningham-Love,Shawnside,2530
"Owens, Pollard and Rowe",Tammybury,3220
Mckenzie PLC,Davidmouth,660
"Thompson, Hamilton and Ward",East Anitaton,1320
"Gilbert, Myers and Young",South Kristen,3610
Campbell-Wright,Braunberg,2340
"Wilson, Guzman and Horton",South Joseph,4860
Lopez-Garcia,South Victoriashire,3620
"Ellison, Norton and Cain",Lake Matthewhaven,3400
"Hill, Walsh and Kelly",Melissamouth,4970
Wright Inc,North Donnabury,3450
"Lester, Abbott and Deleon",Ashleyfort,3270
Thomas LLC,East Mark,1350
"Walker, Shaw and Smith",Kingburgh,2290
"Suarez, Cox and Shepherd",Waterschester,930
Richmond Group,Lindastad,3910
Thomas-Baker,Jacobland,2320
"Green, Sanders and Parsons",New Jasminemouth,500
"Welch, Johnson and Vargas",Port Aprilstad,3750
Mcgee Ltd,Brianfort,1060
"Mcclain, Colon and Carter",East Timothy,80
Bailey and Sons,Lake Kathy,4460
Hernandez-Dunn,South Kyleview,3840
Carrillo PLC,New Matthew,560
"Richards, Sanchez and Gonzalez",New Tiffany,3480
Johnson LLC,Perezborough,690
Kim and Sons,Richardsfurt,3450
"Conner, Pierce and Smith",North Kevinfurt,310
Rojas Inc,East Allisonberg,2780
Little-Miller,Raymondside,4680
Phillips-Krueger,Samanthaton,4950
Choi-Frost,Forbeston,4100
"Zimmerman, Duncan and Joseph",Juliamouth,3030
Gonzalez LLC,North Micheleberg,3670
"Schmidt, Long and Wood",New Jessicastad,3150
"Welch, Vasquez and Daniel",Jamesside,1270
Brown-Chapman,Whiteton,150
Williams-Kim,North Kendratown,3700
Stewart-Salazar,Hardinland,4040
Johnston LLC,Davisshire,2720
Vargas PLC,Wallaceborough,4870
"Murray, Ho and Parker",Jasonhaven,460
Mcdonald LLC,Randyfort,3390
Gardner-Sanchez,Cynthiahaven,3520
Franklin LLC,Geoffreymouth,4380
Ponce PLC,Thomasborough,4670
"Cooper, Miller and Nguyen",North Shannon,2930
Fernandez Inc,Zacharyport,200
"Gomez, Bates and Thomas",Villanuevafort,2870
Escobar and Sons,Randallstad,1770
Payne PLC,Maytown,3170
"Wilkins, Walter and Cunningham",Bowmanmouth,3450
Lewis Group,South Lorraineport,3380
Daugherty Inc,South John,1980
Cochran LLC,Jenniferbury,1170
"Rodriguez, Chavez and Roberts",New Michele,1290
"Brown, Rhodes and Barnes",Owenport,4500
Simpson and Sons,West Lindamouth,4090
Thompson-Fry,North Andrew,4140
Murray-Dennis,Williamsberg,4430
"Leonard, Potts and Barnes",Port Victoria,190
"Montgomery, Walker and Hayes",New Amandatown,4590
Hernandez-Hurst,Berrymouth,1890
"Solis, Lee and Shelton",West Samuelmouth,1310
Gardner LLC,Jenniferfurt,4070
Davis-Lawrence,Cherylshire,4500
Tucker-Smith,Katherineton,2110
"Gallagher, Ferguson and Jones",Valdezshire,3160
Ross-Johnson,Lake Patrick,740
Wilson-Lawrence,Burnsbury,3650
"Tucker, Payne and Walker",West Andrea,500
"Williams, Valenzuela and Brooks",Lake Anthonytown,2580
Wilson-Pearson,South Kylefort,3150
Roberts-Bryant,Arthurmouth,2960
Mitchell LLC,Port Jacquelineborough,4890
Reed and Sons,Boonemouth,3650
Shaw Inc,Candiceview,3630
Andrews-Tanner,Grantburgh,4640
"Harris, Martin and Cannon",Kimberlyton,2380
Rowe Inc,Shannonfurt,2500
Hess LLC,Port Nicholas,2240
Brown Ltd,Alvaradofurt,3110
Wagner LLC,New Andrewfort,570
"Harris, Byrd and Kim",East Jeremy,100
Sheppard and Sons,New Michaelport,2980
"Wise, Norris and Lucas",Port Christine,4000
Brown-Turner,Halltown,230
"Hughes, Harris and Barr",Perezhaven,890
"Oliver, Martinez and Vasquez",Davidstad,110
Tapia Group,New Pattychester,1780
Barr-Green,North William,500
"Park, Griffin and Stewart",Matthewside,3390
Martin-Cline,Timothyshire,2920
Grant-Ward,New Randalltown,4700
Morgan and Sons,North Kristin,4700
Ho-Jones,Whitestad,1520
Ewing-Webb,Lake Matthewchester,3140
"Robinson, Sanders and Costa",Port Alexanderville,3770
"Kelly, Estrada and Duncan",Littlemouth,3280
"Snyder, Rivera and Mcdowell",North Rogerland,1050
Stanley-Arnold,Lake Stephanieshire,270
Black-Duncan,North Codyfort,3930
"Miller, Henry and Ramos",Lake Stephentown,4680
Vincent-Rodriguez,Michellefort,180
Stephens Inc,North Cherylville,3940
Scott Inc,North Amanda,710
"Gonzales, Owens and Flores",Markfort,3110
"Weaver, Miller and Campbell",Port Arianamouth,2100
Gonzalez and Sons,Christinaburgh,1630
Scott PLC,Martinburgh,1610
Anderson-Long,Tonyshire,2800
Ho Ltd,New Hayleytown,1360
Khan-Hernandez,Port Evanland,920
"Randall, Smith and Mccormick",Lake Deanna,50
Morgan-Lynch,North Emma,70
Anderson-Long,New Scottton,2630
"Harvey, Watson and Lara",Lake Charlesville,3610
Daniel and Sons,Cooleytown,3150
"Miller, Bray and Smith",Elizabethbury,2230
Hobbs-Kane,North Stephenfurt,4080
Jones LLC,Lake Richard,910
Bauer Ltd,Lake Natalieburgh,1050
Johnson-Sims,East Latoya,3900
"House, Cochran and Patel",North Morganburgh,2030
Griffin-Walker,Danielchester,3710
"Craig, Osborne and Stewart",Hannaville,2570
"Perkins, Coleman and Hart",Rogerfort,4420
Nelson-Love,New Amanda,5000
"Hall, Casey and Holt",South Michael,4630
Jones-Walton,Port Andrew,4980
Powell PLC,Bartonland,3040
"Warren, Day and Hall",Lake Jeffrey,1950
Smith-Valencia,Melanieton,1780
Young Group,Christopherbury,1210
"Lewis, Newman and Evans",Port Rita,540
"Baker, Parker and Good",Staceytown,1750
"Harper, Young and Scott",Cuevasport,3720
Davis LLC,South Anthonychester,1090
Thompson Ltd,East Thomasview,140
Odom-Bautista,Stevefurt,4820
Roach-Garcia,West Wendy,2050
Kent Inc,Pruittborough,1590
"Wheeler, Mendez and Oliver",Turnerberg,1250
Malone-Parker,West Pamela,4430
Carter PLC,Blackwellstad,3820
Watson LLC,East Michael,750
Smith LLC,Sarahmouth,460
"Rose, Sweeney and Brown",New Aprilfort,680
"Thomas, Powell and Moses",Thompsontown,4230
"Hughes, Smith and Fleming",East Elizabeth,1820
Juarez-Chen,Greeneburgh,2470
Brown Inc,Michaelchester,1220
"Spencer, Foster and Vazquez",Huntland,4630
"Pierce, Collins and Henderson",Lake Ryanside,2370
Jenkins-Morales,East Nancy,2270
Mccormick-Parks,South Curtismouth,4040
"Porter, Cunningham and Cortez",Andrehaven,4640
Turner-Baker,South James,2010
Torres-Knight,Harrisland,3080
Miranda-Mccoy,Laurenside,2580
Knight Ltd,Garciaport,1140
"Oconnor, Woods and Adams",West Melissafort,2020
Rollins-Schultz,Pamshire,4690
Smith-Wall,West Juliemouth,3240
Jackson LLC,Webbshire,3930
"Miller, Harrison and Parrish",Lake Nathanmouth,4880
Cooper-Rodgers,East Heatherville,3260
Neal-Mcdonald,Luisville,1440
"Frye, Watson and Serrano",West Mariah,1090
"Michael, Davenport and Jones",New Clintonburgh,2400
Ramsey-Saunders,New Kyle,650
Torres and Sons,New Laurie,3790
Young LLC,Lake Markshire,1560
"Santiago, Roy and Lee",Anthonymouth,1580
"Howard, Stein and Ferrell",Antoniotown,1370
"Alvarez, Chase and Moreno",New Michelle,3630
Gonzalez Inc,Williamsfort,560
Stephens Ltd,Davisborough,1020
"Hayes, Morales and Lee",Ruthchester,1690
"Becker, White and Hoover",Cooleychester,1430
Washington LLC,New Lauraborough,3730
Davis Inc,Anthonyborough,2570
Lewis-Strong,New Samuelhaven,1220
Howard Ltd,West Bryce,4190
Hill-Turner,South Ashley,3260
"Cherry, Gibson and Miller",Robertsview,1560
"Austin, Bradley and Robinson",Andrebury,2690
"Kennedy, Schmidt and King",Brownborough,3170
Berger and Sons,Richardsonbury,3800
Tran and Sons,New Jillianton,100
"Heath, Pugh and Salinas",Port Sarashire,2350
Hartman LLC,South Dana,4000
"Hudson, Bentley and Jones",Pooleshire,4220
"Donaldson, Johnson and Wright",Marshallstad,2600
Bowen-Murphy,North Jessebury,3840
"Anderson, Dorsey and Bryan",Joshuaville,3560
Aguirre-Cox,South Frank,720
Fitzpatrick PLC,Julieland,2200
Taylor-Harrell,New Michaelport,310
"Bush, Jones and Duran",Brendanfort,3050
Terry Ltd,Pricebury,4010
Thomas and Sons,Mckeeview,1050
Brown-Zimmerman,Hansenborough,1300
"Martin, Mckinney and Leach",Patriciaburgh,2810
Spencer-Krause,North Michaelville,2490
Peterson-Day,Port Cindyside,3440
Marshall-Holland,East Victoriaport,3390
Rivera-Cooke,Patriciastad,2470
"Soto, Crawford and Stephens",New Sandramouth,2420
"Green, Washington and Mitchell",South Lisastad,1330
Richardson-Chavez,South Oliviafurt,1240
Fernandez Group,Lake Andrew,4460
Washington and Sons,East Christinabury,1310
Watson PLC,Nancyland,820
Johnson-Young,South Joshuaton,4740
Bray-Shepard,Peterbury,1880
Flores PLC,Donaldberg,2770
Ramirez-Bryant,Lake Katiechester,2480
Rosales-Owens,Armstrongside,4660
Hall LLC,Lake Mary,2970
"Williams, Strickland and Myers",East Tammyside,1040
"Johnson, Campbell and Patton",Hahnborough,4010
Lopez-Dean,West Elizabeth,3640
Griffin-Young,Petersonborough,4110
Stevens LLC,Judithberg,2340
Velez-Gates,New Laurabury,2880
Miles-Hill,Christopherchester,3050
Smith Inc,West Joyceton,4710
Leonard-Duncan,Garciafurt,3330
Jensen PLC,Tashabury,2780
Hawkins Ltd,New Kelly,760
Smith-Sanchez,Lake Joseph,2910
Lewis Ltd,Jamesview,4670
Ross-Scott,Jennifershire,2900
Acosta Ltd,New Craig,1410
Williams Group,Jessicahaven,1540
"Blankenship, Andrade and Cox",Victorshire,940
Wright Inc,Ashleyville,4910
"Johnson, Burns and Park",Rivaschester,4580
"Torres, Robles and Warren",West Micheal,3130
Nelson-Price,East Cassandrachester,470
"Moore, Choi and Brown",Sparksberg,150
Eaton LLC,Lake Jason,3290
Cross-Stephens,North Stevenchester,2080
Robinson-Shaffer,Carolville,4760
Matthews-Schwartz,Lake Beth,2830
Martin Ltd,Arielmouth,4530
"Johnston, Lang and Barrera",Patriciachester,130
Ramos Ltd,Williamsport,2200
Griffin-Guzman,Bennettland,550
"Jackson, Moore and Mcdonald",Benjaminstad,4570
"Munoz, Flores and Sutton",North Calvinport,2220
"Wright, Rowe and Clark",North Elizabethview,950
Wise-Burnett,Williamston,280
Howell-Miller,South John,970
Dyer-Hill,Port Janetfort,3750
Ayers and Sons,East Joshuaton,890
Kirby-Gonzales,Nancyburgh,2020
Martinez PLC,South Troy,2510
Williams Ltd,Jenniferfort,1590
"Carr, Valdez and Conrad",Carterview,1910
Suarez-Carpenter,Markberg,570
"Mccall, Walton and Maddox",North Johnshire,2460
Frazier-Smith,Calebburgh,480
"Sims, Richardson and Brown",Yangchester,3910
"Navarro, Armstrong and King",Gonzalezville,4390
Wright-Taylor,Wandaland,4540
Garza-Davidson,Snowmouth,1830
Thomas-Jones,Smithbury,2550
"Crawford, Lopez and Richards",East Roberthaven,2920
"Jefferson, Franklin and Li",Emilyfort,2600
"Waters, Campbell and Russell",South Ashley,2260
Gentry LLC,South Christopher,1580
Morgan-Petersen,Jodiberg,3630
"Smith, Adams and Mcintyre",South Jenniferside,3020
Rowland-Mason,Jacksonfurt,560
Adams-Campos,Marshton,220
Smith-Miller,South Allisonhaven,1280
Carpenter-Cabrera,East Thomastown,3000
"Mcintyre, Boyd and Rivera",Janetland,2540
Wilson LLC,Powelltown,3390
Yates Ltd,Lake Tashaland,3740
Fisher Inc,West Tiffany,4510
Day-Suarez,Andrealand,2450
Small Ltd,Franklinborough,310
Rogers PLC,Howardland,1850
Thomas-Vaughan,North Molly,310
Washington-Butler,Dillonbury,210
Maldonado-Stark,Jessicaberg,2570
Flores LLC,South Nicholasburgh,3680
"Mcgee, Ramirez and Wilson",Greenberg,1710
Pratt LLC,Normanfurt,1460
"Dennis, Delgado and Calderon",Williamsfort,1600
Gibson-Bailey,Stephaniemouth,4540
Salas LLC,Veronicaborough,1650
Larson PLC,East Matthew,4130
Faulkner Group,Jamiemouth,1730
Church and Sons,Jamesland,1490
Crawford Group,South Dean,4210
Reilly-Hartman,Hartmouth,2030
"Mccall, Crane and Webster",South William,2750
Berry-Holder,West Steven,1710
"Cervantes, Young and Shaw",Jacksonland,860
Baker Ltd,South Johnny,3270
Ball and Sons,East Rickyville,3930
Macias-Washington,South Steven,4700
"Meadows, Hendrix and Roberson",Cynthiamouth,200
Simmons PLC,Tiffanyside,4820
"Atkinson, Johnson and Garrett",Medinaside,4480
Cannon PLC,Danielchester,140
"Allen, Harris and Robbins",Port Joseside,3410
Miranda LLC,Gonzalezhaven,4520
"Riggs, Hutchinson and Smith",Lake Brandy,4680
Lopez PLC,Michaelbury,2330
Ferguson LLC,South Ashley,4760
"Suarez, Coffey and Meyers",Myersside,850
Gomez Inc,North Louismouth,1990
Johnson and Sons,East Hector,2180
Arroyo-Armstrong,South Tracie,3300
"Nguyen, Bartlett and Madden",Elizabethbury,440
"Carney, Harris and Fox",Grayburgh,4230
Solis-Martinez,Lake Ericchester,1130
King Ltd,Tylerstad,4270
Hoffman LLC,North Tiffany,3790
Reed-Matthews,Maryfort,3840
"Norman, Moore and Robertson",East Douglas,4280
Peck and Sons,Scottville,2000
Barry PLC,East Steven,4500
"Knight, Moss and Mendoza",East Gregorychester,3710
Stewart-George,Wilsonstad,470
"Martinez, Miller and Black",Garciastad,3930
"Johnson, Bennett and Jones",Jessicamouth,4890
Foster-Bennett,Reynoldshaven,4400
"Young, Villarreal and Jones",Turnerhaven,740
"Ross, Compton and Villa",Robertoburgh,2990
"Mccarthy, Forbes and Thomas",South Amanda,2170
James Group,Williamburgh,280
Johnson-Phillips,South David,1870
Holmes Ltd,Franciscomouth,3820
Myers LLC,East David,2630
Harper and Sons,Thomasport,2220
"Carter, Armstrong and Martinez",Davisside,260
Castillo PLC,Angelicatown,670
"Davis, Miles and Smith",Amandaton,330
James-Flores,Fisherburgh,1300
"Miller, George and Bennett",Fryestad,2900
Clements-Mckay,West Donald,820
Wilson-Mullins,South Kelly,3860
Diaz-Webster,Villashire,2540
Harper-Bennett,West Charlesmouth,3440
Pratt-Woods,Michaelview,980
"Cervantes, Evans and Gilmore",Port Billystad,1770
Anderson-Stewart,Jenniferview,2300
Smith-Miller,South Misty,1740
Williams-Wells,New John,950
Maldonado Ltd,Rossland,3910
Neal Group,Potterfurt,4530
Jones-Wilson,West Markberg,150
"Moss, Smith and Hampton",Lake Timothy,1280
Deleon-Cole,Kennethhaven,1380
"Garcia, Jackson and Macias",New Jonathan,2450
Smith Inc,East Connor,3850
"Cowan, Martin and Stevens",North Christinabury,4700
Peterson-Adams,Kristenport,3780
Austin PLC,Susanhaven,180
Rodriguez-Hernandez,Rothmouth,4440
Dickerson-Benson,Davidhaven,4750
Stafford-Mcguire,Gregorytown,2610
Donovan PLC,Lake Richardbury,2780
"Gonzalez, Garrison and Long",Jesusburgh,3450
Smith-Marshall,Garciafurt,4600
Leonard-Bolton,West Kaitlin,1490
Hamilton and Sons,Jostad,2030
"Bailey, Webb and Reese",West Charlesmouth,3200
"Rich, Smith and Miller",Heatherport,3850
"Erickson, Hoover and Estrada",Samanthaview,4180
Dillon PLC,South Courtney,4690
Johnson PLC,Jenniferhaven,1450
Mccann-Moore,Lake Judithfurt,160
"Blair, Whitaker and Phillips",Mitchelltown,3830
Lloyd and Sons,Cainport,3130
Evans-Washington,Richardview,3270
Harmon PLC,West Donald,460
Baird Inc,North Elijah,1780
"Meyer, Carr and Black",East Michaelfort,2970
Simpson Inc,South Angela,3840
Thompson-Moreno,Michealport,3790
Lane and Sons,Port Lindsey,3920
Horn and Sons,Port Tracy,4900
"Riggs, Walsh and Horn",Andersonfurt,2720
Crane PLC,South John,330
"Reyes, Jones and Diaz",North Sarahburgh,4630
"Liu, Howard and Anderson",Jonmouth,2910
Cook Group,Sullivanmouth,860
"Lynch, Dudley and Hall",South Williamland,3780
Padilla Inc,Port Rachel,2290
Jackson-Walsh,Lake Caitlynfurt,180
Adams Group,Farmerhaven,4790
Jefferson-Barton,Jacksonside,4020
Oneill-Calderon,Stonefurt,3060
Bishop-Dunn,Port Carrie,830
Macias-Reilly,South Jaredton,3140
Alexander-Davila,New Jill,1470
Rogers-Ochoa,Gomezland,860
Santos-Hays,Stanleyville,2320
Martinez-Bell,Lake Amandamouth,2050
"Holmes, Gardner and Mcclure",North Jacob,360
Cochran Ltd,Moraport,4090
Rodriguez Ltd,Tonitown,2530
"Underwood, Jones and Jackson",Whitefort,4970
Wise Ltd,South Natalieview,4380
Jones-Smith,Fowlertown,2090
Salazar-Hall,Lake Christopherchester,3140
Hale-Kirk,Lake Stephanie,2230
Harris-Zhang,North Heather,1140
English-Ortiz,South Josephton,4940
Robinson-Oliver,Jeffreyborough,2820
Austin Group,Michelletown,840
Buchanan-Romero,South Carolynbury,200
"Duarte, Bradley and Campbell",Crossbury,1610
Evans and Sons,East Alexisland,4330
"Fuller, Garcia and Ward",Mcknightstad,2860
Hill PLC,East Susan,2700
Lucas Inc,Hansonland,4200
Johnson PLC,Kevinborough,3670
Carlson PLC,Port Jessicafurt,1520
"Brown, Thompson and Velasquez",Carlsonbury,2190
"Smith, Taylor and Collins",Jonathanshire,4570
Thomas Inc,Charlesmouth,1940
Curtis-Vance,Amandahaven,1000
Cook-Alvarado,Lake Jaimeborough,4210
Green-Alexander,Griffinside,1180
Robles-Nichols,Welchport,380
Sanchez-Shepherd,Mallorychester,2210
"Williams, Howard and Alvarado",New Rebecca,3440
"Jackson, Jordan and Evans",Christopherberg,2200
Hammond Ltd,Baldwinland,1290
Mills-Webster,North Michelle,140
"James, Lee and Wilson",Janetfurt,150
Perez Inc,East Tamara,1050
Black-Henderson,Royborough,3740
Hawkins PLC,Lake Kelly,2960
"Johnston, Morton and Ramsey",Bondfurt,4080
Russell Inc,Riggsview,1290
"Kent, Mcclain and Mueller",Ramirezfort,2780
"Williams, Williams and Patterson",Ruizton,2690
King Group,Hallhaven,2280
Clark PLC,West Danielville,3570
Barrett Inc,West Amy,3790
"James, Hughes and Gonzalez",Lake Alexbury,2990
"Johnson, Watts and Lee",Lauraside,4350
Baker Group,North Nicholasland,280
Davis-Miller,Aguirrechester,800
"Martin, Juarez and Bryant",Silvaberg,2280
Moreno-Heath,Oconnorburgh,3770
Henry-Wong,Amandaville,4360
"Anderson, Clarke and Cole",Wrightburgh,3980
Hughes-Hansen,Lake Ashleybury,4120
"Anderson, Holmes and Johnson",New Jameshaven,3300
Bradley-Davis,Loveshire,2840
"Roberts, Ellis and Rocha",Romeroburgh,470
Anderson-Jones,Lake Kristy,3600
Walls-Foster,North William,3540
"Brown, Lewis and Gilbert",North John,3500
Harris-Torres,Sarahborough,250
Smith-Allen,New David,2970
Mccormick Ltd,Kendraton,2660
Rowland-Gross,Port Kevinland,2500
Cooper-Nguyen,Gibsonbury,3730
Reed-Spencer,South Williamview,1630
Parker LLC,Nicholasbury,2120
Nunez PLC,Greenshire,1640
"Joyce, Bridges and Sutton",Molinashire,3700
Howard-Pena,South Jasminefurt,4550
"Nelson, Pugh and Walker",Cooperside,3700
Callahan-Meadows,South Nancyside,4310
Patel PLC,East Christophershire,3470
Ray-Brown,West Kimberly,1860
Barry Group,Heatherberg,810
"Dean, Lynch and Blake",Williamsshire,460
Thomas Inc,South Theodore,2270
"Taylor, Guerra and Crawford",West Amandaland,1020
Trujillo Group,Robertfurt,1070
"Moran, Morris and Smith",North Michaelchester,3580
"Lee, Burke and Hunt",Weberburgh,4500
Wallace-Banks,Lake Joseph,1420
"Humphrey, Reynolds and Smith",Christopherton,630
Richards-Peters,South Kelsey,5000
"Dillon, Bryant and Brown",South Casey,3660
Lawson PLC,North Saraburgh,2160
Holmes-Lawrence,East Paula,1170
"Brooks, Lam and Johnson",Elijahmouth,3110
"Clark, Barnes and Smith",North Stephaniefort,2230
Pratt Inc,East Ronald,3080
Watson-Garza,Ramirezton,4980
Richardson Inc,East Juliafort,1540
"Johnson, Elliott and Kelley",Port William,4010
Li-Bryan,North Anthonystad,4470
Richardson and Sons,North Phillipview,3550
"Campbell, Gregory and King",Lake Joshua,2630
"Mayer, Macdonald and Rivera",East Audreymouth,4950
"Anderson, Rogers and Lee",East James,4900
"Williams, Cantu and Mccoy",Lake Chelsea,3490
Hall-Hernandez,East Aaronstad,1750
"Moreno, Lin and Walters",South Patricia,670
"Hansen, White and Combs",Andrewhaven,2230
Smith-Green,Lake Lauraport,1460
Dixon-Baker,Mcculloughchester,2200
Lucero-Rhodes,New Cynthia,770
White LLC,Port Lauriehaven,790
"Hawkins, Leon and Conner",South Mariaborough,2340
Horn and Sons,North Jennifer,870
"Warner, Hogan and Young",Waltertown,2580
Barker Inc,Michaelchester,970
Jackson PLC,Sampsonland,1620
Jones Inc,Danielland,1150
Gordon-Parker,Port Emilytown,490
"Hendricks, Vega and Young",South Jasonchester,3420
Crawford-Booker,Stoneview,3120
"Joseph, Johnson and Chambers",North Williammouth,4260
Carlson-Perez,Boydshire,4070
"Hernandez, Perry and Parker",Port Rebeccafort,4210
"Scott, Peterson and Davies",Philipside,3700
"Taylor, Wall and Clark",Joystad,2940
"Phillips, Cook and Bailey",North Vincentton,4890
Williamson PLC,South Amber,4000
