name_user,email
Carla Yu MD,clarkandre@example.net
Danielle Gordon DDS,brownchristina@example.org
Benjamin Griffin,montgomerycorey@example.net
Joshua Martin,pwhite@example.net
Jaime Decker,charlessullivan@example.com
Michael Powell,denise11@example.org
Brenda Wilkerson,abright@example.com
Benjamin Pitts,vmann@example.org
John Mccoy,kpowers@example.com
Cassandra Jimenez,christinewilliams@example.com
Eric Salinas,dawn61@example.net
Patrick Hale DDS,combschristopher@example.com
Mary Lopez,walkerkaitlyn@example.org
Amber Rhodes,ywhite@example.org
William Randall,dmoran@example.org
Tracy Allen,jonathanbuchanan@example.org
Cassandra Miranda,greenjeffery@example.net
Emily Morgan,amandareed@example.net
David Roberts,rachellam@example.com
Lindsey Cox MD,henrypowers@example.com
Jon Weiss,mitchellhernandez@example.com
Christopher Lewis,rsimpson@example.com
Michael Patterson,ronaldhardin@example.net
Kevin Kelly,aaron80@example.net
Leslie Hall,jessicarodriguez@example.com
Elizabeth Floyd,wagnermichael@example.com
Alicia Griffith,mark35@example.com
Karen Rogers,marisayoung@example.net
Katherine Jacobs,rknox@example.org
Tony Campbell,markjones@example.com
George Wiggins,robinsonholly@example.net
Daniel Delacruz,davidmccall@example.com
Lori Simmons,matthew96@example.org
Taylor Cook,john06@example.net
Erin Mcclain,darlenemiranda@example.net
Debra Fletcher,william39@example.org
Charles Silva,eric25@example.net
Anne Flores,garcianicholas@example.com
Sarah Golden,padillaleah@example.com
Darius Roy,dwaynegreen@example.net
Jason Mcdonald,katherine99@example.com
Cindy Williamson,timothy64@example.com
David Gonzalez,jorgehamilton@example.net
Mary Kennedy,austinrobert@example.net
Regina Harris,chelseamccoy@example.net
Rodney Hunt,dgraham@example.com
Patricia Sampson,kevinbarr@example.org
Jonathan Larsen,gmurray@example.org
Chad Washington,mcmillantaylor@example.com
Allison Edwards,sparksmichael@example.org
Michelle Johnson,martinezricky@example.org
Andrew Church,shieldsamy@example.com
Amanda Robinson,salazartyler@example.net
Michael Stewart,mariacoleman@example.org
Mark Scott,julieobrien@example.org
Emily Fletcher,greeneduardo@example.com
Austin Bruce,qthomas@example.net
Ryan Browning,morganstanley@example.org
Erin Martinez,morrisjohn@example.org
Jeffrey Ward,cameron39@example.com
Nicholas Gonzales,jerrykirk@example.com
Daniel Conway,michael79@example.net
April Gonzalez,swansoncaleb@example.net
Robin Scott,gregoryjohnson@example.net
Angela Barr,roynathan@example.net
Michelle Mitchell,davidhughes@example.com
William Holt,kpena@example.net
Hannah Anderson,zpeterson@example.net
Darryl Williams,turnermanuel@example.org
Barbara Torres,mckinneyandrew@example.net
Megan Davidson,dianelarson@example.org
Brad Richards,kayla20@example.org
John Garrett,beth41@example.net
Brian Nichols,dwhite@example.net
Dr. Alan Smith,tracey84@example.com
Michael Caldwell,herringchristine@example.net
Vanessa Jones,lwells@example.net
Vernon Drake,nreed@example.com
Timothy Harris,jonathankeith@example.net
Isaiah Castillo,richardgibson@example.net
Laura Hayes,michelle38@example.com
Jeremy Harper,oliverthomas@example.com
Kathy Smith,fordpatricia@example.net
Jacqueline Pena,westjames@example.net
David Smith,timothy02@example.net
Kathy Neal,eric71@example.com
Joshua James,oscar26@example.net
Christine Cummings,kristen12@example.org
Antonio Kidd,thomas87@example.net
Ricardo Dennis,kbarrett@example.com
Kayla Morales,megan97@example.com
Jennifer Fox,hcunningham@example.com
Nathan Young,kurt13@example.net
Joseph Martinez,hollylarson@example.org
Cynthia Walsh,rpreston@example.net
Tyler Gibson,xcruz@example.com
Vickie Spencer,sanchezmonica@example.com
Amanda Garrison,darrenwhitehead@example.org
Timothy Kaiser,scott05@example.com
Michael Garrett,danielyu@example.org
Peter Francis,donald10@example.net
Jeffrey Montes,andrewrose@example.org
Paula Burns,lisacooper@example.org
Stacey Evans,jason60@example.org
Brian Richards,carrillokatelyn@example.net
Ruth Baxter,dominguezguy@example.net
Shawn Diaz,zjones@example.com
Lisa Cisneros,scott57@example.com
Ashley Swanson,cynthiamay@example.com
Katrina Brown,allison75@example.com
Jason Huff,hannahreyes@example.org
April Osborn,dustin70@example.com
Elizabeth Montgomery,brookscandice@example.org
Seth Wallace,ytaylor@example.net
Bradley Lloyd,anthony85@example.org
Tammy Smith,jacob00@example.net
Billy Ross,robertgriffin@example.org
Jessica Lee,brianlee@example.net
Rachel Jensen,yjackson@example.net
Linda Huynh,jeffrey15@example.org
Pamela Jones,ujarvis@example.net
Mark Davis,gbailey@example.org
Matthew Hart,mchen@example.org
Rebecca Schneider,danielleellis@example.net
Daniel Potts,ryan53@example.org
Robert Chambers,gpatterson@example.com
Vincent Wood,davidkelly@example.net
Taylor Lynch,baldwinkyle@example.net
David Williams,adamlewis@example.net
Michelle Hudson,poolewilliam@example.com
Kristopher Brown,larry00@example.com
Daniel Hernandez,christina31@example.net
Dana Reynolds,charlesjones@example.net
John Larson,swansonmatthew@example.net
Anthony Long,summer26@example.net
David Taylor DDS,feliciavance@example.net
Jeremy Heath,ymorgan@example.com
Kelly Ferguson,christina59@example.org
Samuel Barnes,mccormickkristin@example.org
Michael Stevens,lowebianca@example.org
Robert Hill,aaronwatson@example.org
Ryan Wright,stephanie41@example.org
Ronald Santiago,christine00@example.net
Jeffrey Stephens,bryan34@example.org
Jeremy Hudson,imiller@example.net
Nathan Robinson,lisaneal@example.net
Vincent Kane,lanelori@example.org
Ethan Long,anthonygriffin@example.com
Ethan Rosales,andrewarnold@example.net
Nicholas Campbell,teresathompson@example.com
Tammy Hayes,kathleen76@example.org
Sydney Walsh,andrecochran@example.com
Danny Dunn,coxrobert@example.com
Benjamin Clark,raymond78@example.org
Kathleen Burton,jamesgiles@example.org
Andrew Harris,robin17@example.org
Ruth Peters,andrewowens@example.net
Darius Reyes,hoffmanjonathan@example.com
Jesse Myers,gailcantu@example.net
Lisa Aguirre,michaelthompson@example.org
Summer Avery,wschmidt@example.org
Maxwell Jackson,tturner@example.org
Sara Cox,alyssamccarty@example.com
Deanna Roman,edwin99@example.com
Reginald Diaz,darren36@example.org
James Austin,amber67@example.com
Alicia Tran,ashley60@example.com
Rachel Simmons,daniel21@example.org
Penny Powell PhD,samuelmiller@example.org
Marc Kidd,dshelton@example.net
Diane Jackson MD,racheltaylor@example.org
Steve Frye,peter34@example.com
Dawn Durham,kristaparker@example.com
Madison Long,desiree95@example.com
Raymond Brown,taylor47@example.org
Michael Bennett,stephaniemaxwell@example.net
Mrs. Jacqueline Baker,sara12@example.com
Scott Olson,jeffery63@example.com
Charlene Soto,robinsonstephanie@example.com
Jerry Hernandez,barrygonzalez@example.org
Lauren Webb,nmiller@example.org
Carol Boyd,butlermeagan@example.net
Anna Hunter,garciamackenzie@example.net
Bridget Clark,brandonclark@example.org
Gary Mitchell,elizabethwillis@example.net
Luke Ross,spencer22@example.com
Kenneth Brown,amandagarcia@example.net
Miranda Jackson,vgonzalez@example.org
Kyle Perez,michael01@example.com
Melissa Shelton,bpeters@example.com
Anthony Chavez,sara22@example.com
Tiffany Rice,meganmahoney@example.net
Taylor Smith,gfreeman@example.com
Kathy Perry,stacybooth@example.org
Dennis Snyder,osmith@example.net
Karen Kennedy,joseph56@example.org
Christopher Thompson,pbass@example.net
Victoria Wright,wmckinney@example.com
Rhonda Carpenter,kparker@example.com
Aimee Lopez,jarroyo@example.net
Joseph Holder,davidmckay@example.com
Jonathon Brown,kevinle@example.org
Mark Maldonado,fpotter@example.com
Stephanie Anderson,taracarlson@example.org
Kevin Brown,lisajohnson@example.com
Melissa Soto,judy39@example.net
Henry Moon,don87@example.org
Tyler Gonzales,brandon87@example.net
Brian Davis,luis08@example.com
Justin Crane,xfranklin@example.com
Ms. Martha Gutierrez,bgarcia@example.com
Timothy Perry,hugheschristina@example.net
Stephen Hubbard,williamsalice@example.com
Lindsey Lee,karenhuang@example.net
Martin Parker,rachelowens@example.org
Stephanie Best,jessicagonzalez@example.org
Andrew Wilkinson,crystalcarlson@example.com
Todd Randolph,fosterjacob@example.org
Robert Hawkins,allenariel@example.net
Carrie Tucker,anna89@example.net
Thomas Gutierrez,butlermonica@example.com
Scott Elliott,ralph53@example.org
Erica Jones,lisa90@example.net
Nichole Henry,pamela46@example.com
Chelsea Jones,blairthomas@example.com
Lisa Guerra,ashleyvasquez@example.org
Andrea Johnson,rowens@example.net
Raymond Webb,barbara02@example.com
John Jones,danielphillips@example.net
Logan Hernandez,etucker@example.org
Mrs. Tracie Perry,fcervantes@example.com
Kathleen Ramsey,bjohnson@example.net
Scott Green,michelle14@example.net
Alicia Jones,shannonchavez@example.net
Michael Peterson,jacqueline89@example.com
Molly Goodman,hhunt@example.com
Robert Perry,halljennifer@example.com
Natasha Maynard,qbrowning@example.com
Michael Bentley,iyork@example.net
Shane Harris,oswanson@example.org
Timothy Morgan DDS,jennifermills@example.org
Brandon Reynolds,billyfrye@example.org
Kevin Mccoy,karen74@example.net
Michelle Bryant,walter00@example.com
Sarah Ali,marcia48@example.net
Alexandra Martin,brandy12@example.net
Andrea Thomas,maryvelez@example.com
John Duncan,mollyferguson@example.com
Thomas Padilla,tranemily@example.net
Hannah Grimes,hughesjennifer@example.net
Robert Hicks,audrey94@example.com
Joseph Ramirez,kathleen68@example.net
Andre Davis,brianna20@example.org
Dana Macdonald,cferguson@example.com
Cynthia Burke,wayne11@example.com
Deanna Lee,elizabeth70@example.com
Megan Jenkins MD,nicole96@example.org
Carlos Walsh,dmann@example.com
Rachel Matthews,harperkyle@example.com
Kelly Potter,pdavis@example.org
Elijah Hill,ocruz@example.net
Matthew Chase,prestonpowell@example.org
Christina Wells,krista20@example.com
Michele Harris,mackenziecooper@example.com
Jennifer Butler,tjones@example.com
Jessica Morales,rose04@example.org
Molly Yoder,marshallmichelle@example.com
Christian Walton,richerin@example.net
Colin Peters,robertshort@example.com
Raymond Perkins,erica27@example.com
Melissa Harris,danielwashington@example.net
Robert Thornton,crawfordpamela@example.org
Benjamin Coleman,johnsongeorge@example.org
Erica Salinas,newmanisaiah@example.com
Jaime Alexander,nicholas55@example.com
Brandon Ritter,longchristine@example.com
Charles Proctor,goodwinnatalie@example.com
Kevin Wolfe,ericcollins@example.net
Theresa Keith,carolmoore@example.net
Sarah Lyons,sarahramirez@example.net
Jacqueline Mooney,ashley34@example.net
Christian Brooks,daniel49@example.com
Jessica Miller,ryanblackwell@example.com
Robert Smith,stevenbird@example.org
Sarah Perez,victorharris@example.org
Justin Young,kathleen57@example.net
Sarah Moore,longjoseph@example.net
Angela Sullivan,sarasmith@example.net
Heather Davis,riveraheather@example.com
Phillip Spears,davidprice@example.com
Andrew Evans,jamesgilmore@example.org
Sara Ramirez,jessica65@example.org
Jake Barrett,pbrown@example.net
Jeffrey Dunlap,ethan84@example.net
Jessica Lowery,blackkelly@example.org
Joshua Lowery,daviscory@example.net
Holly Huber,nathansanchez@example.net
Carla Hood,salazarmark@example.net
Tom Brown,melissa98@example.org
Katelyn Wolf,psnyder@example.org
Rodney Riddle,brownjohn@example.com
Michael Baldwin,lramsey@example.net
Gloria Montgomery,josephreed@example.com
Aaron Spencer,ronald54@example.org
David Khan,millerkristen@example.org
Samantha Cooper,fcarter@example.com
Terri Smith,tranashley@example.org
Eddie Rivera,fcampbell@example.net
Vanessa Caldwell,andersonjustin@example.com
David Reese,jdavis@example.org
Jason Peterson MD,moonwesley@example.org
Brittany Hunter,wmitchell@example.org
Julie Lee,eileen47@example.com
Frank Mendez,jennifer01@example.net
Dawn Clark,vwolf@example.com
Monique Barber,benjaminsamantha@example.com
Mrs. Caitlin Smith,shahnicholas@example.org
Whitney Lang,ujohnson@example.org
Anthony Camacho,veronica22@example.net
Andrew Cole,lrodriguez@example.org
Oscar Jones,kalvarez@example.com
Ryan Pope,madisontorres@example.com
Scott Bell,joseph62@example.org
Patricia Moore,robertstewart@example.net
Patrick Parker,anitaschmidt@example.org
Joseph Robbins,hallrenee@example.com
Jose Booth,elizabethmorrison@example.org
Jonathan Morales,adamsshane@example.org
Elizabeth Parrish,smithjacob@example.com
Blake Sanders,timothy09@example.net
Heather Bennett,seth89@example.net
Andre Martin,andreross@example.org
Kelly Mason,utyler@example.org
Bianca Joseph,leenicholas@example.org
Justin Sharp,sandovalsamuel@example.org
Margaret Greene,daniel56@example.com
Zachary Bryant,padillarachel@example.net
Emily Rodriguez,jonesmichael@example.com
Tracy Curry,cameronalvarez@example.net
Mason Rivera MD,jesse58@example.com
Crystal Meadows,ross82@example.com
Stacy Williams,wilsonjennifer@example.net
Sergio Wagner,brandycooper@example.org
Kristin Richards,tiffany13@example.org
Donna Fisher,cheryl00@example.org
Lisa Miller,jason79@example.org
Sandra Green,raymondfaulkner@example.org
Robin Martinez,jessicapeterson@example.net
Aaron Maldonado,colliersharon@example.com
Katie Bennett,jhull@example.net
Kelly Decker,yberry@example.com
Lisa Stein,sethjennings@example.com
Kari Hogan,wcastillo@example.com
Joel Knight,reedtricia@example.org
Susan Velasquez,virginia92@example.net
Amber Sanchez,rebecca46@example.org
Zachary Benson,mbrock@example.net
Ronald Miller,amy23@example.net
Alexandra Perez,millertyler@example.org
Jamie Murphy,hdunn@example.net
Linda Hernandez,hernandezashley@example.net
Douglas Nixon,davistyler@example.net
Robert Martin,njacobs@example.net
David Vasquez,stewartashley@example.org
Jeanette Bennett,cpittman@example.net
Chase Gomez,robert78@example.org
Patrick Lane,jonathan73@example.org
Heather Burton,cameron58@example.com
Shawn Bowers,zjones@example.com
Lucas Espinoza,edgarmorris@example.org
Crystal Cruz MD,karlawallace@example.org
Brenda Moses,felicia88@example.com
Blake Lynch,valerie52@example.org
Jeffrey Cooper,mclark@example.net
Matthew Chen,kholland@example.net
Ricardo Wall,ygallagher@example.org
Gregory Walker,vpatrick@example.net
Kimberly Dixon,thomas04@example.net
Caitlin Kennedy,buckleydavid@example.net
Melissa Roberts,whitneydavis@example.com
Scott Glass,riveraandrew@example.com
William Gonzalez,sanchezdarren@example.net
Patrick Allen,jennifer72@example.net
Luis Brooks,scotttrujillo@example.net
Kenneth Wu,ojacobs@example.net
Cheryl Norton,lisa42@example.com
James Dunn,fmartinez@example.org
Stacy Olson,davidsonseth@example.com
Susan Hoover,jennifer07@example.net
Mary Mcdonald,tweeks@example.com
Megan Henderson,dale26@example.org
Sheri Hancock,jessicachurch@example.org
James Wilkins,vjordan@example.net
Taylor Martin,ihendricks@example.com
Susan Johnson,pmedina@example.com
Ruben Nash,lisa67@example.net
Jason Pennington,jjohnson@example.org
Sarah Reyes,russellstephen@example.com
Alyssa Rosales,bradshawchristina@example.com
Christopher Lewis,leslie17@example.org
Wesley Lopez,rose56@example.com
Lisa Ferguson DDS,xmiddleton@example.org
Joseph Carter,zwilkinson@example.org
David Lopez,clarkejacob@example.net
Paul Cameron,jasonjohnson@example.org
Susan Williamson,pwilliams@example.com
Aaron Reyes,david38@example.org
Daniel Barron,megan45@example.net
Jeffrey Adams,patricia61@example.net
Patricia Hoffman,tyler16@example.org
Carrie Pierce,rmitchell@example.com
Robert Bennett,elizabethmurray@example.com
Raven Alvarez,francis80@example.org
Anna Walker,robertenglish@example.net
Teresa Watson PhD,seanpeters@example.net
Kirk Johnson,adamlawrence@example.org
Mark Thomas,jennifer45@example.net
Kelly Miller,scottamber@example.com
Tammy Ross,tammy10@example.org
Lori Carroll,mandrews@example.org
Sean Miller,kristinhickman@example.org
Curtis Cook,jonesrachel@example.net
Robin Carroll,ashleyrusso@example.org
John Rollins,ricky14@example.com
Samuel Lane,tbryant@example.com
Anthony Olson,cheryl01@example.com
Stephanie Wright,orozcowilliam@example.com
Johnathan Kelly,dcampbell@example.net
Colton Brown,karenwilliams@example.com
Nancy Morgan,mccallrachel@example.org
Brandy Gibson,travis33@example.net
Sabrina Shelton,jeremyyoung@example.com
Melinda Rowe,pfrench@example.org
Mary Reed,kylesullivan@example.net
Bryan Bright,mprice@example.com
Mia Mckinney,vdaniels@example.org
John Middleton,danielsnow@example.com
Frank Schaefer,maciasjoshua@example.net
Andrew Craig,chavezjulia@example.org
Gabriel Preston,scurry@example.org
Aaron Ruiz,fcamacho@example.com
Elizabeth Smith,lstephens@example.com
Alicia Randolph,matthewsandoval@example.com
Shelly Hernandez,michelle20@example.org
Marcus Martin,kaylabarber@example.net
Timothy Wilson,bestsusan@example.net
James Ryan,robert82@example.net
Erin Robinson,dennisnelson@example.net
Nicole Taylor,nelsonrebecca@example.org
Eric Mooney,gregory98@example.org
Katelyn Hanna,michael61@example.com
Bianca Thompson,karen89@example.com
Jamie Hancock,mfarmer@example.org
Tina Clark,icole@example.net
Jessica Villegas,brenda29@example.net
Gregory Davidson,jasmine91@example.org
Scott Murphy,loganrivera@example.com
Reginald Page,reidpatrick@example.org
Molly Cobb,mbailey@example.org
Angela Daugherty,waltersdanielle@example.com
Amy Harris,michaelmiller@example.net
Michelle Hardy,nhiggins@example.net
Jessica Williams,lydia10@example.org
Kristen Martinez,ejones@example.com
Jessica Ford,andrewbernard@example.com
Amanda Lopez,scott74@example.com
Kimberly Johnson,petersonteresa@example.net
James Steele,sydneysanchez@example.org
Jonathan Floyd,donsimmons@example.net
Scott Chang,scott13@example.com
Michael White,nicoledaniels@example.org
Haley Velasquez,whunt@example.org
Holly Brown,tylersmith@example.net
Wendy Crawford,olewis@example.com
Kristin Williams,lisawillis@example.org
Stephen Cochran,michael12@example.net
Jasmine Myers,margaretdavis@example.com
Michelle Hoover,tmendez@example.com
Tina Cannon,davidsullivan@example.com
Jeffery Washington,karenmorris@example.com
Margaret Townsend,kellyjohnson@example.org
John Moreno,danielslindsay@example.org
Jenna Ramirez,anthony78@example.com
Fred Haynes,mallory09@example.org
Curtis Smith,michaelcasey@example.org
Bobby Fuentes,jenna93@example.org
Raymond Holland,obaker@example.net
Cheryl Cabrera,sarah11@example.com
Joshua Randolph,wmoore@example.com
Carolyn Mclean,andrewmontgomery@example.net
Anthony Moses,brewerlauren@example.com
Mark Freeman,tammycole@example.org
Amanda Roth,gomezsamantha@example.org
Mark Ortiz,laurie11@example.com
Robert Lane,gthompson@example.org
Sarah Levy,kwalker@example.net
Ryan Lane,valenzuelamark@example.org
Molly Richards,jenniferwest@example.com
Mckenzie Russo,matthew24@example.net
Charles Meadows,tracylopez@example.com
Kristen Carson,lawrencemarvin@example.org
Kevin Rivera,webbandrew@example.com
Tina Scott,cherrynicholas@example.net
Jeffrey Vasquez,mfrazier@example.net
Kathleen Ross,andrearubio@example.net
Patrick Rivera,willie90@example.org
Rachel Thompson,tiffanyjohnson@example.net
James Hill,haneylance@example.net
Tanya Jackson,mcgrathmichelle@example.com
Tina Hines,fbailey@example.com
Larry King Jr.,smithleah@example.net
Frank Caldwell,jacobzavala@example.com
Randy Snow,dholt@example.com
Ronald Reynolds,nathan55@example.net
Mary Lang,rkrause@example.com
Robert Daugherty,acarney@example.com
Jessica Williams,gholmes@example.net
Derek Saunders,jeremyweaver@example.com
Dustin Singleton,anna47@example.net
Kristen Gross,kellyedward@example.com
Tina Thompson,mbishop@example.com
Renee Collins,andrea86@example.com
Cynthia Williams,luis01@example.org
Heather King,weavernicholas@example.org
Krista Murphy,marissaoconnor@example.com
Alexis Padilla,ginascott@example.org
David Evans,cervantesdavid@example.net
Lisa Harrell,richardmcdonald@example.net
Bradley Hernandez,luis94@example.net
Troy Cannon,rebeccaholt@example.com
Kelly Martin,charlesbridges@example.org
Micheal Welch,sanfordlisa@example.com
Sherri Love,andrewshah@example.com
Joanne Buck,williamsdave@example.com
Lori Cunningham,daisy57@example.com
Matthew Quinn,sharon67@example.net
Lauren Butler,nicole98@example.org
Rodney Johnson,alejandrafloyd@example.com
Mr. Brandon Cox,tabithariley@example.com
Joseph Mendoza DDS,fwilliams@example.org
Luis Chapman,umack@example.com
Amy Bailey,perkinsnatalie@example.com
Jennifer Figueroa,williamskevin@example.net
Jamie Kim,kellywashington@example.net
Raymond Ramirez,andreabowman@example.org
Erin Rivers,oscarstanley@example.com
Debra Joyce,andreahart@example.org
Andrew Booker,sanchezgary@example.net
Cindy Clark,martinezzachary@example.net
Stephen Moore,deniseoconnell@example.org
Robert Campbell,marysanders@example.net
Joseph Ellis,linda87@example.net
Benjamin Weaver,brendasanchez@example.com
Dorothy Williams,jenniferlopez@example.org
Oscar Martinez,stephanie87@example.org
Claudia Miller,sphillips@example.net
Adam Mccullough,maria29@example.net
Phillip Curry,ashley26@example.com
Deborah Green,farmerdominique@example.org
Johnathan Christensen,qgarza@example.org
Benjamin Sanders,sarah43@example.net
Stephanie Hammond,dawnpadilla@example.org
Lisa Molina MD,walter77@example.org
Antonio Savage,hhayes@example.com
Maria Garcia,allentiffany@example.org
Shane Myers,marie20@example.com
Amy Fernandez,znichols@example.net
Shannon Davis,opotts@example.net
Tracy Rocha,aewing@example.com
Dorothy Martinez,ycherry@example.net
Stephen Galloway,rebeccajones@example.com
Jessica Crane,nicolehoward@example.com
Gerald Harrington,kendra03@example.org
Whitney Tran,bbrown@example.net
Robert Parks,christina79@example.net
Ian Montgomery,gilmorejimmy@example.net
Jonathan Lawson,sheilaturner@example.org
Austin Stone,smithlisa@example.com
Monica Galvan,deniselarson@example.net
Lawrence Johnson,breannabaker@example.net
Stephanie Rodgers,pvasquez@example.org
Jennifer Becker,theresajones@example.com
Tamara Herrera,jenniferwagner@example.net
Rebecca Soto,justin53@example.com
Angel Lee,kingerin@example.org
Jackie Li,john79@example.org
Edward Smith,jenniferwoods@example.com
Courtney Hughes,matthew98@example.org
Patrick Farmer,samantha16@example.net
Linda Terry,danielreynolds@example.net
Mr. Gregory Mccoy DDS,jonesadam@example.com
Megan Morris,roseaaron@example.org
Robert Hardy,alloyd@example.com
Raven Tucker,hardyautumn@example.net
Katherine Spencer,williamsdouglas@example.net
Justin Cohen,valerierobertson@example.net
Adam Smith,yweaver@example.net
Nathan Hill,peterstrevor@example.org
David Stevens,hnixon@example.org
Lori Smith,gwalker@example.org
Amanda Caldwell,wwilliams@example.com
Elizabeth Allen,norman06@example.net
Dave Cruz,aglass@example.net
Kimberly Taylor DDS,kevin45@example.com
Timothy Jones,jason59@example.net
Amy Terrell,ujohnson@example.org
Kimberly Mcmillan,yblankenship@example.com
Lisa Jones,michellecollins@example.org
Diane Martin MD,robertflores@example.org
Richard Morgan,vincentdaniel@example.com
Jack Collins,jacqueline37@example.com
Phyllis Bennett,douglascampbell@example.net
Robin Skinner,davidwalls@example.org
Pamela Greene,cvelez@example.com
Monique Wells,mark34@example.net
Melinda Banks,owright@example.net
Robyn Howard,holly43@example.com
Jay Taylor,marshalljoshua@example.net
Charles Chandler,justinwright@example.net
Katrina Smith,zjones@example.com
Laura Fischer,carl60@example.org
Donna Guzman,fisherlee@example.com
Denise Bernard,wdavis@example.net
Michael Morrow,rwells@example.com
Alfred King MD,mikaylaflores@example.net
Amy Robinson,justin60@example.org
Henry Ramirez,christopher35@example.org
Kimberly Avila,vicki75@example.com
James Ritter,sandramclaughlin@example.net
Todd Hicks,wilsonjoseph@example.net
Samantha Dunlap,alexander66@example.net
Stephanie Mooney,sneal@example.org
Tamara Weaver,louisgeorge@example.net
Philip Ward,glovervirginia@example.org
Jesus Bryant,qerickson@example.com
John Tran,kelly40@example.net
Nicholas Simpson,jweber@example.com
Joseph Lopez,liukeith@example.net
Pamela Bird,mendezmark@example.org
Theresa George,alexandra35@example.org
Eric Hughes,alvarezkrista@example.org
Devin Clark,mperkins@example.com
Steven Lucero,karenpena@example.net
Lisa Stone,martinezricky@example.net
Justin Khan,maria16@example.org
Matthew Jimenez,williamsscott@example.org
Amber Williams,walkerbrian@example.net
Nicholas Gallegos,heatherbrown@example.net
Linda Clark,jessica20@example.net
Dr. Anthony Keith,kjohnson@example.net
Denise Martin,qjones@example.net
Pamela Flores,dburns@example.com
Alexander Mejia,meaganhernandez@example.com
Dylan Hooper,jameswhite@example.net
Steve Hutchinson,shelbycalderon@example.net
Justin Middleton,breannabrown@example.net
Luis Alvarez,robert41@example.org
Maurice Thornton,wwilliamson@example.com
Nicholas Lawson,sanchezluke@example.net
Jonathan Johnson,natalie14@example.com
Derrick Johnson,deborah40@example.com
George Holloway,brownthomas@example.net
David Roberts,glengardner@example.org
Brandy Lee,wchavez@example.net
Jonathan Burgess,justinstephenson@example.org
Sherry Lee,elizabethmoreno@example.org
Adam Fischer,ileonard@example.org
Christopher Sheppard,nmcdaniel@example.org
Roger Newman,richard29@example.net
Tom Foster,thomas37@example.com
Barbara Mckenzie,omorris@example.net
Benjamin Taylor,michael21@example.org
Susan Perez,craigvalencia@example.net
David May,briansmith@example.net
Carolyn Sanders MD,andrew87@example.net
David Smith,hernandezgeorge@example.net
John Thompson,jonesjesse@example.net
Gail Wong,khankatelyn@example.org
Joshua Williams,richardkim@example.org
Ronnie Murphy,brian47@example.net
Susan Mcdonald,chelsea51@example.net
Sabrina Fisher,wrightsean@example.com
Jerry Parks,richarddaniels@example.net
Anne Larsen,michael89@example.net
Gregory Brooks,shannonsmith@example.net
Luis Wheeler,peterboyd@example.net
Michele Price,collinstara@example.net
Danielle Johnson,ambergilmore@example.net
Christopher Jones,newtonclarence@example.org
Frederick Johnson,jillwalker@example.net
Stephanie Miller,collinsdiane@example.net
Jason Shaw,sara67@example.org
Dawn Lopez,osbornhunter@example.com
Michael Curtis,kellycruz@example.com
Aaron Carter,james89@example.net
Kayla Brown,fishersean@example.com
Lauren Phillips,martineznicholas@example.com
Andre Munoz,lisawalton@example.net
Patrick Baker,deanna60@example.net
Mr. Billy Huynh,dharrell@example.com
Daisy Wright,respinoza@example.com
Joseph Johnson,edward48@example.net
Nicole Bates,mario03@example.org
Julian Mcgrath,fieldsclinton@example.net
Karen Byrd,vblanchard@example.com
David Farley,jacquelinegilbert@example.org
Heather Meyers,wilkersonjodi@example.net
Melanie Harris,alvarezderek@example.net
Jennifer Jenkins,cuevastamara@example.org
Meghan Bennett,travis55@example.net
Carl George,ricky00@example.net
Rhonda Wilkins,rebeccafuller@example.net
Greg Valenzuela,sphillips@example.org
Marie Ray,vroberts@example.com
James Singleton,arthurrobinson@example.net
Jasmine Hughes,akelley@example.org
Sarah Coleman,gary45@example.org
Lindsay Anderson,castrosteven@example.org
Zachary George,owensraymond@example.com
Barry Griffin,prattdennis@example.net
John Martinez,rickpotter@example.net
Cole Williams,loretta64@example.com
Lisa Davidson,gonzaleznicholas@example.org
Ryan Hall,ddixon@example.com
Mary Wilson DVM,johnsondenise@example.org
James Davis Jr.,thomasdouglas@example.net
Jennifer Allen,brownryan@example.com
Michael Sosa,chelsealopez@example.net
Eric Kim,bennettpaul@example.com
Tim Carpenter,lclark@example.org
Ashley Dickerson,debra80@example.com
Brenda Colon,hillmatthew@example.org
William Mcmillan,millsevan@example.net
Jennifer Sims,james04@example.org
Jessica Escobar,williamgraham@example.org
Cassandra Young,kerrjoseph@example.net
Brian Boone,christopher27@example.org
Emily Berry,ptaylor@example.org
Heather Brown,robert95@example.com
Daniel Robbins,kellersandra@example.net
Maria Keith,emily21@example.org
Matthew Chambers,jimmy88@example.org
Gabriel Navarro,uward@example.net
Louis Gonzalez,mckenzie79@example.com
Michael Hunter,sarahhodges@example.org
Mr. Nathan White,joshuamoore@example.org
Shannon Campbell,qdavis@example.com
Stephanie Perez,gphillips@example.net
Margaret Stone,marymoreno@example.com
Kristine Hall,mariah30@example.com
Lindsey Haynes,murphyjenny@example.com
Vanessa Yates,jeffmarshall@example.com
Peter Kim,robertmorales@example.net
Jeremy Terrell,rossrenee@example.net
Daniel Bartlett,smithamy@example.com
Micheal Sanchez,ihale@example.com
Kimberly Singleton,daniel48@example.net
Dr. Kathryn Durham,rtucker@example.net
Travis Garrison,ufranco@example.net
Nicole Ramsey,beniteznathan@example.com
Judy Briggs,angelicapalmer@example.com
Jeremy Barnes,nealjennifer@example.net
James Vazquez,richardcarson@example.org
Sabrina Simmons,sharontran@example.org
Elizabeth Norris,moralesnichole@example.net
Charles Cunningham,sanchezmelissa@example.com
Matthew Stevenson,parksbill@example.net
Billy Ellis,stephanieellis@example.com
Alexander Mills,desireewolfe@example.net
Shelia Weiss,rbrown@example.org
Carrie Baldwin,bailey51@example.org
Elizabeth Mann,imorales@example.com
Susan Gonzales,thompsonryan@example.net
Lee Lopez,omiller@example.com
Dr. Joseph Hayes Jr.,robertgordon@example.com
Mary Montgomery,tamara74@example.net
Charles Bradford,fwilson@example.org
Robert Ferrell,suzannebeasley@example.net
Stephen Thomas,bonillaryan@example.org
Kelly Campbell,stephanie28@example.net
Julia Lynch,boydlaura@example.org
Nancy Leblanc,perrykelly@example.com
Matthew Martin,blevinscaleb@example.com
Jessica Nelson,williamsdouglas@example.com
Mrs. Ashley Lopez,cynthia80@example.com
Donna Brooks,melissaware@example.com
Michael Hood,james46@example.org
Claire Wilson,hillangela@example.org
Michael Howard,sbennett@example.net
Darrell Bailey,jacksonryan@example.com
Mr. Kenneth Keith,thomasray@example.net
Brittany Thomas,daniel64@example.net
Brian Berry,williamsrichard@example.org
Michael Torres,slynch@example.com
Selena Taylor,tinahayes@example.net
Ashley Davis,lisawright@example.com
Caroline Cannon,leebutler@example.org
Samuel Richardson,hensleywesley@example.org
Emily Harrison,deborahguerrero@example.com
Tiffany Shelton,patrick17@example.net
Daniel Lopez,kristie94@example.net
Kelly Brown,rbird@example.net
Jose Phillips,jeremyhall@example.com
Dustin Owen,youngjohn@example.com
Lawrence Rasmussen,delgadojuan@example.com
Sean Wise,karinaparker@example.net
Lisa Hernandez,xclayton@example.net
Lisa Hoffman MD,lisa03@example.com
Jean Deleon,cody57@example.net
Scott Taylor,kathleen60@example.com
Bianca Smith,josecox@example.org
Shane Mills,reyeslisa@example.org
Kevin Salinas PhD,mindyroberts@example.net
Dana Scott,thomashaas@example.org
Cassandra Johnson,cordovasarah@example.org
Mary Lee,susanfoster@example.org
Gabrielle Schwartz,fordjessica@example.org
Craig Lee,danielmark@example.net
Caroline Harper,ashley00@example.com
Katherine Allen,geoffrey05@example.net
Michael Chang,donaldrodriguez@example.org
Jacob Rose,ywhite@example.net
Corey Melendez,danielharrison@example.org
Emily Wagner,gsmith@example.net
Katherine Lopez,sanchezlisa@example.org
Courtney Jenkins,erin58@example.com
Robert Davis,garzamatthew@example.com
Brendan Perez,zmorales@example.com
Rachel Murphy,hubbardcourtney@example.net
John Smith,emilyjames@example.net
Candice Lopez,littleamy@example.com
Melissa Harvey,weeksbradley@example.com
Wendy Flores,johnmurray@example.com
Kathy Moore,jennifermyers@example.org
Stefanie Jones,anthony29@example.org
Hannah Bush,yball@example.org
Daniel Frye,jonathanbrown@example.com
Joseph Pratt,lichristopher@example.net
Elizabeth Martinez,nicholas11@example.org
Richard Olson,brownsean@example.com
Gerald Adams,stephaniekeller@example.com
Richard Kim,nathan71@example.org
Edwin Perry,mcintyreteresa@example.net
Samantha Shah,sabrinarodriguez@example.org
Joshua Ramos,petersonphyllis@example.com
Jennifer Johnson,lbishop@example.org
Ashley Williams,fwalsh@example.com
Tyler Prince,david73@example.com
Mary Hall,robert62@example.net
Christina Moss,jenny98@example.com
Julie Nichols,cliffordwright@example.net
Ashley Jones,mikayla67@example.net
Christy Anderson,darrylclark@example.com
Christopher Allen,gordonlucas@example.com
Gina Dodson,montgomeryscott@example.org
Jimmy Bell,jorgecunningham@example.net
Jeremy Rivera,michelle05@example.org
Yolanda Bush,hernandezcourtney@example.org
Jessica Rodriguez,fwilliams@example.org
Francisco Collins,rturner@example.net
Jessica Rogers,mariabrown@example.org
Christina Fuentes,combsray@example.net
Michael Robertson,andersonzachary@example.net
Christopher Shaw,hallpatrick@example.net
Mark Morales,jcarter@example.org
Richard Ruiz,thompsonfrank@example.net
Jerry Wright,maria98@example.org
Brian White,deborahwatson@example.com
Troy Stein,dan85@example.net
Patrick Valentine,tiffany05@example.net
Derrick Barrera,baileykenneth@example.net
Alexander Ho,castroedward@example.net
Amanda Phillips,rlloyd@example.net
Samantha Oneill,angela99@example.org
Katie Macdonald,rogerslacey@example.net
Roberto Avila,ana75@example.net
David Wood,whitebrandon@example.org
Matthew Pope,scottjacob@example.net
Terry Cox,millernicholas@example.org
Sally Sexton,perezcathy@example.net
Mr. Michael Garcia,jolsen@example.com
Holly Carney,ujackson@example.com
Christopher Myers,probinson@example.com
Joseph Perez,qschroeder@example.org
Kimberly Shannon,whitejohnny@example.net
Bradley Thomas,saraking@example.org
Michael Griffith,olsonlawrence@example.com
Brittney Bell,mhoffman@example.org
Matthew Singleton,bvalencia@example.com
Julie Miller,singletonryan@example.net
Jason Bruce,troyreynolds@example.com
Miranda Moore,cannonsamantha@example.org
Lauren Rodriguez,tranjennifer@example.com
Emily Harmon,markbray@example.net
Nicole Barton,brownbrittany@example.com
William Sampson,otaylor@example.net
Leah Walter,glenpeters@example.org
Randall Chase,jamesthomas@example.com
Diane Gordon,howardelizabeth@example.net
Scott Hansen,joyoneill@example.com
Larry Thompson,christinedavis@example.net
Mary Fields,lmyers@example.org
Scott Brown,ortizrichard@example.com
Gerald Collins,michelerobinson@example.org
Nicole Price,kaiseramy@example.org
Luis Mccann,jennifer98@example.com
Joseph Garcia,smithfrances@example.com
Kayla Rhodes,charleshall@example.org
Lisa Perez,rachelwong@example.net
Roger Martinez,rpeck@example.com
Kenneth Lee,campbellkevin@example.org
Danielle Morris,dennismolly@example.net
Robert Edwards,michaelchandler@example.com
Mary Larson,wgarcia@example.org
Kristi Douglas,sperez@example.com
Carrie Lee,margaret64@example.net
Jasmine Gill,nriggs@example.com
Kyle Daniels,watkinsrobert@example.com
Marvin Stewart,smithandre@example.org
Evelyn Hays,hinesjustin@example.org
Kevin Jackson,richard77@example.net
Darryl Duffy,edwardsmegan@example.net
Marcus Taylor,finleysarah@example.net
Kevin Patterson,barkerbobby@example.org
Mr. Daniel Reid,patrick34@example.org
Danny Underwood Jr.,matthewwilkins@example.net
Lisa Jensen,strongann@example.com
Ms. Lauren Lewis DDS,melissa49@example.net
Derrick Robinson,kimberlysanchez@example.com
Cassandra Tapia,jacob54@example.net
Christian Nelson,courtneyblack@example.com
Deanna Black,ebennett@example.com
Luke Fischer,crystal13@example.net
Angela Johnston,james76@example.net
Barbara Gilbert,kelly84@example.net
Brooke Callahan,gsutton@example.net
Daniel Richards,kennethcook@example.com
Tracie Hall,bdaniels@example.org
Deborah Hall,kirkbryan@example.com
John Garcia,diazgeorge@example.com
Kara Horne,debra22@example.com
Lisa Mcneil,matthew94@example.org
Brenda Vaughn,bradfordrobert@example.net
Reginald Moreno,micheleholland@example.org
Chad Garcia,andrewsilva@example.net
Mark Weeks,lynn08@example.net
Monica Mitchell,tfreeman@example.com
Katelyn Bridges,brianjohnson@example.net
Michele Ashley,alyssachavez@example.net
Robert Wright,jburke@example.com
Darrell Bennett,millermichael@example.org
Louis Waller,dkennedy@example.org
Mary Harris MD,jillsmith@example.net
Michael Santos,palmeramanda@example.net
Jeffrey Delgado,martinezangela@example.com
Joshua Carter,feliciabell@example.net
Connor Galloway,katherine85@example.net
Evan Smith,ihubbard@example.net
Alexis Anderson,lvaldez@example.com
Scott Flores,fisherderek@example.net
Matthew Ellis,lovetanya@example.org
Alexandra Cowan,shelleywright@example.com
Oscar Hill,fshields@example.org
Stephanie Lawson,connerhoward@example.org
Denise Smith,epatterson@example.net
Jessica Mooney,xrodriguez@example.net
Maria Hicks,isaaclawrence@example.net
Jorge Soto,amyyoung@example.org
Christina Bishop,wellskimberly@example.com
Richard Rodriguez,daniel43@example.com
Nancy Smith,wrightantonio@example.org
Larry Kirk,hooverjonathan@example.net
Terry Wright,benjamin03@example.org
Peter Stewart,rodriguezphilip@example.com
Raymond Hicks,ppalmer@example.net
Courtney Stewart,douglasdavies@example.com
Shelly Potter,aduran@example.org
Edward Taylor,tonianderson@example.com
Nathan Griffin,kperez@example.org
Andrea Baker,vblair@example.com
Lisa Williams,johnshelton@example.com
Monica Thompson,iwhite@example.net
Stephen Carter,hunterjerry@example.com
Sarah Hill,timothy46@example.net
Carrie Riddle,hodgesmatthew@example.org
Albert Kennedy,zacharylee@example.com
Joseph Robbins,walexander@example.org
Susan Dominguez,mbaker@example.net
Ann Cooper,pwatkins@example.net
Carly Mills,raymondturner@example.net
Mr. Andrew Thomas,jphelps@example.net
Russell Curtis,sandersbrandon@example.org
Donald Morrison,hrogers@example.org
Matthew Morris,bobstrickland@example.com
Crystal Johnson,jessedixon@example.com
Sean Martin,nathansimmons@example.org
Lisa Carney,nataliecain@example.com
Diana Walker,msmith@example.org
David Morris,nicole86@example.net
Taylor Osborn,williamsalexandra@example.com
